syd,did,wei
1,1,0.14285714285714285
2,1,0.13186813186813187
3,1,0.12087912087912088
4,1,0.10989010989010989
5,1,0.0989010989010989
6,1,0.08791208791208792
7,1,0.07692307692307693
8,1,0.06593406593406594
9,1,0.054945054945054944
10,1,0.04395604395604396
11,1,0.03296703296703297
12,1,0.02197802197802198
13,1,0.01098901098901099
14,2,0.125
15,2,0.11666666666666667
2,2,0.10833333333333334
1,2,0.1
4,2,0.09166666666666666
11,2,0.08333333333333333
16,2,0.075
17,2,0.06666666666666667
8,2,0.058333333333333334
9,2,0.05
18,2,0.041666666666666664
19,2,0.03333333333333333
7,2,0.025
20,2,0.016666666666666666
21,2,0.008333333333333333
22,3,0.09090909090909091
23,3,0.08658008658008658
24,3,0.08225108225108226
25,3,0.07792207792207792
26,3,0.0735930735930736
27,3,0.06926406926406926
28,3,0.06493506493506493
29,3,0.06060606060606061
30,3,0.05627705627705628
31,3,0.05194805194805195
32,3,0.047619047619047616
33,3,0.04329004329004329
34,3,0.03896103896103896
35,3,0.03463203463203463
36,3,0.030303030303030304
37,3,0.025974025974025976
38,3,0.021645021645021644
39,3,0.017316017316017316
40,3,0.012987012987012988
41,3,0.008658008658008658
42,3,0.004329004329004329
22,4,0.09090909090909091
23,4,0.08658008658008658
24,4,0.08225108225108226
25,4,0.07792207792207792
26,4,0.0735930735930736
27,4,0.06926406926406926
28,4,0.06493506493506493
29,4,0.06060606060606061
30,4,0.05627705627705628
31,4,0.05194805194805195
32,4,0.047619047619047616
33,4,0.04329004329004329
34,4,0.03896103896103896
35,4,0.03463203463203463
36,4,0.030303030303030304
37,4,0.025974025974025976
38,4,0.021645021645021644
39,4,0.017316017316017316
40,4,0.012987012987012988
41,4,0.008658008658008658
42,4,0.004329004329004329
1,5,0.18181818181818182
12,5,0.16363636363636364
2,5,0.14545454545454545
43,5,0.12727272727272726
8,5,0.10909090909090909
9,5,0.09090909090909091
13,5,0.07272727272727272
44,5,0.05454545454545454
16,5,0.03636363636363636
45,5,0.01818181818181818
1,6,0.18181818181818182
12,6,0.16363636363636364
2,6,0.14545454545454545
43,6,0.12727272727272726
8,6,0.10909090909090909
9,6,0.09090909090909091
13,6,0.07272727272727272
44,6,0.05454545454545454
16,6,0.03636363636363636
45,6,0.01818181818181818
46,7,0.1
47,7,0.09473684210526316
48,7,0.08947368421052632
2,7,0.08421052631578947
17,7,0.07894736842105263
49,7,0.07368421052631578
50,7,0.06842105263157895
51,7,0.06315789473684211
52,7,0.05789473684210526
53,7,0.05263157894736842
54,7,0.04736842105263158
55,7,0.042105263157894736
56,7,0.03684210526315789
57,7,0.031578947368421054
58,7,0.02631578947368421
59,7,0.021052631578947368
60,7,0.015789473684210527
61,7,0.010526315789473684
62,7,0.005263157894736842
2,8,0.25
16,8,0.21428571428571427
63,8,0.17857142857142858
17,8,0.14285714285714285
64,8,0.10714285714285714
46,8,0.07142857142857142
57,8,0.03571428571428571
65,9,0.2222222222222222
4,9,0.19444444444444445
66,9,0.16666666666666666
67,9,0.1388888888888889
68,9,0.1111111111111111
18,9,0.08333333333333333
69,9,0.05555555555555555
70,9,0.027777777777777776
57,10,0.2
46,10,0.17777777777777778
2,10,0.15555555555555556
45,10,0.13333333333333333
56,10,0.1111111111111111
50,10,0.08888888888888889
49,10,0.06666666666666667
71,10,0.044444444444444446
59,10,0.022222222222222223
1,11,0.1
72,11,0.09473684210526316
8,11,0.08947368421052632
9,11,0.08421052631578947
2,11,0.07894736842105263
73,11,0.07368421052631578
43,11,0.06842105263157895
12,11,0.06315789473684211
13,11,0.05789473684210526
74,11,0.05263157894736842
16,11,0.04736842105263158
17,11,0.042105263157894736
45,11,0.03684210526315789
75,11,0.031578947368421054
10,11,0.02631578947368421
64,11,0.021052631578947368
76,11,0.015789473684210527
77,11,0.010526315789473684
6,11,0.005263157894736842
78,12,0.125
1,12,0.11666666666666667
8,12,0.10833333333333334
9,12,0.1
79,12,0.09166666666666666
13,12,0.08333333333333333
6,12,0.075
70,12,0.06666666666666667
76,12,0.058333333333333334
2,12,0.05
73,12,0.041666666666666664
33,12,0.03333333333333333
74,12,0.025
77,12,0.016666666666666666
64,12,0.008333333333333333
47,13,0.15384615384615385
80,13,0.14102564102564102
48,13,0.1282051282051282
81,13,0.11538461538461539
53,13,0.10256410256410256
82,13,0.08974358974358974
83,13,0.07692307692307693
84,13,0.0641025641025641
85,13,0.05128205128205128
78,13,0.038461538461538464
86,13,0.02564102564102564
46,13,0.01282051282051282
47,14,0.13333333333333333
87,14,0.12380952380952381
88,14,0.11428571428571428
89,14,0.10476190476190476
53,14,0.09523809523809523
90,14,0.08571428571428572
91,14,0.0761904761904762
4,14,0.06666666666666667
92,14,0.05714285714285714
93,14,0.047619047619047616
59,14,0.0380952380952381
94,14,0.02857142857142857
19,14,0.01904761904761905
95,14,0.009523809523809525
53,15,0.09523809523809523
96,15,0.09047619047619047
97,15,0.08571428571428572
98,15,0.08095238095238096
99,15,0.0761904761904762
100,15,0.07142857142857142
101,15,0.06666666666666667
4,15,0.06190476190476191
102,15,0.05714285714285714
103,15,0.05238095238095238
104,15,0.047619047619047616
105,15,0.04285714285714286
92,15,0.0380952380952381
3,15,0.03333333333333333
2,15,0.02857142857142857
78,15,0.023809523809523808
54,15,0.01904761904761905
106,15,0.014285714285714285
85,15,0.009523809523809525
107,15,0.004761904761904762
2,16,0.18181818181818182
57,16,0.16363636363636364
46,16,0.14545454545454545
64,16,0.12727272727272726
59,16,0.10909090909090909
108,16,0.09090909090909091
109,16,0.07272727272727272
110,16,0.05454545454545454
111,16,0.03636363636363636
45,16,0.01818181818181818
47,17,0.10526315789473684
5,17,0.09941520467836257
18,17,0.0935672514619883
91,17,0.08771929824561403
34,17,0.08187134502923976
98,17,0.07602339181286549
6,17,0.07017543859649122
17,17,0.06432748538011696
112,17,0.05847953216374269
46,17,0.05263157894736842
113,17,0.04678362573099415
113,17,0.04678362573099415
78,17,0.03508771929824561
67,17,0.029239766081871343
114,17,0.023391812865497075
54,17,0.017543859649122806
115,17,0.011695906432748537
24,17,0.005847953216374269
2,18,0.1111111111111111
116,18,0.10457516339869281
16,18,0.09803921568627451
17,18,0.0915032679738562
117,18,0.08496732026143791
118,18,0.0784313725490196
96,18,0.0718954248366013
4,18,0.06535947712418301
86,18,0.058823529411764705
19,18,0.05228758169934641
64,18,0.0457516339869281
39,18,0.0392156862745098
83,18,0.032679738562091505
119,18,0.026143790849673203
52,18,0.0196078431372549
85,18,0.013071895424836602
43,18,0.006535947712418301
69,19,0.09523809523809523
120,19,0.09047619047619047
91,19,0.08571428571428572
66,19,0.08095238095238096
5,19,0.0761904761904762
95,19,0.07142857142857142
19,19,0.06666666666666667
121,19,0.06190476190476191
112,19,0.05714285714285714
34,19,0.05238095238095238
122,19,0.047619047619047616
4,19,0.04285714285714286
123,19,0.0380952380952381
3,19,0.03333333333333333
124,19,0.02857142857142857
65,19,0.023809523809523808
125,19,0.01904761904761905
35,19,0.014285714285714285
92,19,0.009523809523809525
18,19,0.004761904761904762
78,20,0.16666666666666666
126,20,0.15151515151515152
127,20,0.13636363636363635
128,20,0.12121212121212122
129,20,0.10606060606060606
4,20,0.09090909090909091
79,20,0.07575757575757576
56,20,0.06060606060606061
15,20,0.045454545454545456
130,20,0.030303030303030304
115,20,0.015151515151515152
2,21,0.08333333333333333
131,21,0.07971014492753623
129,21,0.07608695652173914
123,21,0.07246376811594203
92,21,0.06884057971014493
5,21,0.06521739130434782
115,21,0.06159420289855073
14,21,0.057971014492753624
119,21,0.05434782608695652
39,21,0.050724637681159424
6,21,0.04710144927536232
40,21,0.043478260869565216
66,21,0.03985507246376811
132,21,0.036231884057971016
4,21,0.03260869565217391
102,21,0.028985507246376812
133,21,0.025362318840579712
34,21,0.021739130434782608
19,21,0.018115942028985508
28,21,0.014492753623188406
20,21,0.010869565217391304
70,21,0.007246376811594203
134,21,0.0036231884057971015
33,22,0.07142857142857142
22,22,0.06878306878306878
23,22,0.06613756613756613
27,22,0.06349206349206349
25,22,0.06084656084656084
29,22,0.0582010582010582
35,22,0.05555555555555555
30,22,0.05291005291005291
26,22,0.05026455026455026
135,22,0.047619047619047616
136,22,0.04497354497354497
32,22,0.042328042328042326
137,22,0.03968253968253968
39,22,0.037037037037037035
138,22,0.03439153439153439
1,22,0.031746031746031744
111,22,0.0291005291005291
34,22,0.026455026455026454
8,22,0.023809523809523808
9,22,0.021164021164021163
10,22,0.018518518518518517
24,22,0.015873015873015872
31,22,0.013227513227513227
139,22,0.010582010582010581
78,22,0.007936507936507936
95,22,0.005291005291005291
40,22,0.0026455026455026454
78,23,0.07692307692307693
134,23,0.07384615384615385
140,23,0.07076923076923076
141,23,0.06769230769230769
142,23,0.06461538461538462
143,23,0.06153846153846154
144,23,0.05846153846153846
118,23,0.055384615384615386
145,23,0.052307692307692305
146,23,0.04923076923076923
88,23,0.046153846153846156
147,23,0.043076923076923075
148,23,0.04
134,23,0.07384615384615385
140,23,0.07076923076923076
149,23,0.03076923076923077
62,23,0.027692307692307693
146,23,0.04923076923076923
53,23,0.021538461538461538
48,23,0.018461538461538463
150,23,0.015384615384615385
151,23,0.012307692307692308
126,23,0.009230769230769232
59,23,0.006153846153846154
119,23,0.003076923076923077
78,24,0.16666666666666666
134,24,0.15151515151515152
140,24,0.13636363636363635
141,24,0.12121212121212122
142,24,0.10606060606060606
143,24,0.09090909090909091
144,24,0.07575757575757576
118,24,0.06060606060606061
145,24,0.045454545454545456
146,24,0.030303030303030304
88,24,0.015151515151515152
47,25,0.125
62,25,0.11666666666666667
152,25,0.10833333333333334
46,25,0.1
153.0,25,0.13333333333333333
144,25,0.08333333333333333
53,25,0.075
83,25,0.06666666666666667
50,25,0.058333333333333334
111,25,0.05
60,25,0.041666666666666664
49,25,0.03333333333333333
154,25,0.025
155,25,0.016666666666666666
22,25,0.008333333333333333
47,26,0.125
62,26,0.11666666666666667
152,26,0.10833333333333334
46,26,0.1
153.0,26,0.13333333333333333
144,26,0.08333333333333333
53,26,0.075
83,26,0.06666666666666667
50,26,0.058333333333333334
111,26,0.05
60,26,0.041666666666666664
49,26,0.03333333333333333
154,26,0.025
155,26,0.016666666666666666
22,26,0.008333333333333333
47,27,0.125
62,27,0.11666666666666667
152,27,0.10833333333333334
46,27,0.1
153.0,27,0.13333333333333333
144,27,0.08333333333333333
53,27,0.075
83,27,0.06666666666666667
50,27,0.058333333333333334
111,27,0.05
60,27,0.041666666666666664
49,27,0.03333333333333333
154,27,0.025
155,27,0.016666666666666666
22,27,0.008333333333333333
80,28,0.13333333333333333
78,28,0.12380952380952381
85,28,0.11428571428571428
156,28,0.10476190476190476
47,28,0.09523809523809523
84,28,0.08571428571428572
111,28,0.0761904761904762
157,28,0.06666666666666667
158,28,0.05714285714285714
82,28,0.047619047619047616
1,28,0.0380952380952381
159,28,0.02857142857142857
53,28,0.01904761904761905
160,28,0.009523809523809525
78,29,0.10526315789473684
1,29,0.09941520467836257
161,29,0.0935672514619883
92,29,0.08771929824561403
162,29,0.08187134502923976
163,29,0.07602339181286549
45,29,0.07017543859649122
164,29,0.06432748538011696
75,29,0.05847953216374269
11,29,0.05263157894736842
128,29,0.04678362573099415
165,29,0.04093567251461988
10,29,0.03508771929824561
150,29,0.029239766081871343
149,29,0.023391812865497075
8,29,0.017543859649122806
9,29,0.011695906432748537
4,29,0.005847953216374269
47,30,0.13333333333333333
59,30,0.12380952380952381
119,30,0.11428571428571428
60,30,0.10476190476190476
53,30,0.09523809523809523
91,30,0.08571428571428572
77,30,0.0761904761904762
166,30,0.06666666666666667
167,30,0.05714285714285714
152,30,0.047619047619047616
100,30,0.0380952380952381
18,30,0.02857142857142857
17,30,0.01904761904761905
86,30,0.009523809523809525
47,31,0.13333333333333333
59,31,0.12380952380952381
119,31,0.11428571428571428
60,31,0.10476190476190476
53,31,0.09523809523809523
91,31,0.08571428571428572
77,31,0.0761904761904762
166,31,0.06666666666666667
167,31,0.05714285714285714
152,31,0.047619047619047616
100,31,0.0380952380952381
18,31,0.02857142857142857
17,31,0.01904761904761905
86,31,0.009523809523809525
47,32,0.13333333333333333
59,32,0.12380952380952381
119,32,0.11428571428571428
60,32,0.10476190476190476
53,32,0.09523809523809523
91,32,0.08571428571428572
77,32,0.0761904761904762
166,32,0.06666666666666667
167,32,0.05714285714285714
152,32,0.047619047619047616
100,32,0.0380952380952381
18,32,0.02857142857142857
17,32,0.01904761904761905
86,32,0.009523809523809525
85,33,0.15384615384615385
78,33,0.14102564102564102
98,33,0.1282051282051282
2,33,0.11538461538461539
168,33,0.10256410256410256
169,33,0.08974358974358974
17,33,0.07692307692307693
80,33,0.0641025641025641
119,33,0.05128205128205128
170,33,0.038461538461538464
56,33,0.02564102564102564
156,33,0.01282051282051282
47,34,0.1111111111111111
83,34,0.10457516339869281
20,34,0.09803921568627451
119,34,0.0915032679738562
11,34,0.08496732026143791
125,34,0.0784313725490196
171,34,0.0718954248366013
19,34,0.06535947712418301
172,34,0.058823529411764705
4,34,0.05228758169934641
164,34,0.0457516339869281
6,34,0.0392156862745098
91,34,0.032679738562091505
3,34,0.026143790849673203
6,34,0.0392156862745098
30,34,0.013071895424836602
173,34,0.006535947712418301
134,35,0.11764705882352941
140,35,0.11029411764705882
1,35,0.10294117647058823
88,35,0.09558823529411764
99,35,0.08823529411764706
78,35,0.08088235294117647
174,35,0.07352941176470588
146,35,0.0661764705882353
175,35,0.058823529411764705
126,35,0.051470588235294115
144,35,0.04411764705882353
62,35,0.03676470588235294
176,35,0.029411764705882353
162,35,0.022058823529411766
150,35,0.014705882352941176
124,35,0.007352941176470588
2,36,0.11764705882352941
109,36,0.11029411764705882
60,36,0.10294117647058823
177,36,0.09558823529411764
1,36,0.08823529411764706
64,36,0.08088235294117647
50,36,0.07352941176470588
178,36,0.0661764705882353
51,36,0.058823529411764705
49,36,0.051470588235294115
179,36,0.04411764705882353
18,36,0.03676470588235294
59,36,0.029411764705882353
57,36,0.022058823529411766
86,36,0.014705882352941176
56,36,0.007352941176470588
69,37,0.14285714285714285
180,37,0.13186813186813187
181,37,0.12087912087912088
122,37,0.10989010989010989
129,37,0.0989010989010989
35,37,0.08791208791208792
18,37,0.07692307692307693
68,37,0.06593406593406594
182,37,0.054945054945054944
183,37,0.04395604395604396
123,37,0.03296703296703297
91,37,0.02197802197802198
184,37,0.01098901098901099
2,38,0.125
16,38,0.11666666666666667
43,38,0.10833333333333334
63,38,0.1
10,38,0.09166666666666666
1,38,0.08333333333333333
6,38,0.075
51,38,0.06666666666666667
17,38,0.058333333333333334
64,38,0.05
44,38,0.041666666666666664
185,38,0.03333333333333333
102,38,0.025
132,38,0.016666666666666666
111,38,0.008333333333333333
20,39,0.08695652173913043
16,39,0.08300395256916997
116,39,0.07905138339920949
186,39,0.07509881422924901
63,39,0.07114624505928854
11,39,0.06719367588932806
2,39,0.06324110671936758
19,39,0.05928853754940711
83,39,0.05533596837944664
4,39,0.05138339920948617
45,39,0.04743083003952569
61,39,0.043478260869565216
53,39,0.039525691699604744
17,39,0.03557312252964427
47,39,0.03162055335968379
50,39,0.02766798418972332
86,39,0.023715415019762844
96,39,0.019762845849802372
85,39,0.015810276679841896
187,39,0.011857707509881422
18,39,0.007905138339920948
51,39,0.003952569169960474
134,40,0.1
78,40,0.09473684210526316
140,40,0.08947368421052632
99,40,0.08421052631578947
146,40,0.07894736842105263
144,40,0.07368421052631578
145,40,0.06842105263157895
128,40,0.06315789473684211
175,40,0.05789473684210526
56,40,0.05263157894736842
165,40,0.04736842105263158
188,40,0.042105263157894736
189,40,0.03684210526315789
190,40,0.031578947368421054
83,40,0.02631578947368421
160,40,0.021052631578947368
149,40,0.015789473684210527
11,40,0.010526315789473684
191,40,0.005263157894736842
118,41,0.16666666666666666
192,41,0.15151515151515152
22,41,0.13636363636363635
46,41,0.12121212121212122
193,41,0.10606060606060606
194,41,0.09090909090909091
195,41,0.07575757575757576
24,41,0.06060606060606061
53,41,0.045454545454545456
121,41,0.030303030303030304
111,41,0.015151515151515152
2,42,0.16666666666666666
196,42,0.15151515151515152
12,42,0.13636363636363635
18,42,0.12121212121212122
116,42,0.10606060606060606
197,42,0.09090909090909091
21,42,0.07575757575757576
64,42,0.06060606060606061
160,42,0.045454545454545456
172,42,0.030303030303030304
123,42,0.015151515151515152
23,43,0.07692307692307693
24,43,0.07384615384615385
22,43,0.07076923076923076
32,43,0.06769230769230769
28,43,0.06461538461538462
30,43,0.06153846153846154
37,43,0.05846153846153846
25,43,0.055384615384615386
29,43,0.052307692307692305
34,43,0.04923076923076923
35,43,0.046153846153846156
187,43,0.043076923076923075
26,43,0.04
42,43,0.036923076923076927
27,43,0.033846153846153845
198,43,0.03076923076923077
38,43,0.027692307692307693
36,43,0.024615384615384615
33,43,0.021538461538461538
199,43,0.018461538461538463
111,43,0.015384615384615385
31,43,0.012307692307692308
200,43,0.009230769230769232
40,43,0.006153846153846154
95,43,0.003076923076923077
1,44,0.14285714285714285
12,44,0.13186813186813187
10,44,0.12087912087912088
75,44,0.10989010989010989
201,44,0.0989010989010989
8,44,0.08791208791208792
9,44,0.07692307692307693
76,44,0.06593406593406594
2,44,0.054945054945054944
202,44,0.04395604395604396
43,44,0.03296703296703297
68,44,0.02197802197802198
3,44,0.01098901098901099
22,45,0.06896551724137931
38,45,0.0665024630541872
23,45,0.06403940886699508
29,45,0.06157635467980296
34,45,0.059113300492610835
135,45,0.05665024630541872
203,45,0.054187192118226604
24,45,0.05172413793103448
37,45,0.04926108374384237
26,45,0.046798029556650245
199,45,0.04433497536945813
187,45,0.04187192118226601
25,45,0.03940886699507389
33,45,0.03694581280788178
27,45,0.034482758620689655
204,45,0.03201970443349754
39,45,0.029556650246305417
32,45,0.027093596059113302
205,45,0.024630541871921183
206,45,0.022167487684729065
207,45,0.019704433497536946
208,45,0.017241379310344827
36,45,0.014778325123152709
28,45,0.012315270935960592
42,45,0.009852216748768473
30,45,0.007389162561576354
35,45,0.0049261083743842365
138,45,0.0024630541871921183
78,46,0.11764705882352941
187,46,0.11029411764705882
209,46,0.10294117647058823
132,46,0.09558823529411764
210,46,0.08823529411764706
1,46,0.08088235294117647
211,46,0.07352941176470588
135,46,0.0661764705882353
10,46,0.058823529411764705
2,46,0.051470588235294115
102,46,0.04411764705882353
133,46,0.03676470588235294
212,46,0.029411764705882353
213,46,0.022058823529411766
31,46,0.014705882352941176
98,46,0.007352941176470588
129,47,0.125
123,47,0.11666666666666667
1,47,0.10833333333333334
12,47,0.1
13,47,0.09166666666666666
76,47,0.08333333333333333
2,47,0.075
64,47,0.06666666666666667
197,47,0.058333333333333334
77,47,0.05
8,47,0.041666666666666664
9,47,0.03333333333333333
17,47,0.025
214,47,0.016666666666666666
172,47,0.008333333333333333
118,48,0.15384615384615385
5,48,0.14102564102564102
215,48,0.1282051282051282
82,48,0.11538461538461539
150,48,0.10256410256410256
99,48,0.08974358974358974
192,48,0.07692307692307693
140,48,0.0641025641025641
93,48,0.05128205128205128
96,48,0.038461538461538464
160,48,0.02564102564102564
216,48,0.01282051282051282
47,49,0.125
82,49,0.11666666666666667
217,49,0.10833333333333334
140,49,0.1
156,49,0.09166666666666666
124,49,0.08333333333333333
86,49,0.075
106,49,0.06666666666666667
85,49,0.058333333333333334
80,49,0.05
218,49,0.041666666666666664
53,49,0.03333333333333333
159,49,0.025
78,49,0.016666666666666666
219,49,0.008333333333333333
19,50,0.2
220,50,0.17777777777777778
30,50,0.15555555555555556
105,50,0.13333333333333333
16,50,0.1111111111111111
62,50,0.08888888888888889
59,50,0.06666666666666667
172,50,0.044444444444444446
65,50,0.022222222222222223
116,51,0.18181818181818182
119,51,0.16363636363636364
221,51,0.14545454545454545
186,51,0.12727272727272726
93,51,0.10909090909090909
4,51,0.09090909090909091
222,51,0.07272727272727272
83,51,0.05454545454545454
100,51,0.03636363636363636
18,51,0.01818181818181818
2,52,0.13333333333333333
44,52,0.12380952380952381
214,52,0.11428571428571428
43,52,0.10476190476190476
64,52,0.09523809523809523
6,52,0.08571428571428572
146,52,0.0761904761904762
185,52,0.06666666666666667
185,52,0.06666666666666667
102,52,0.047619047619047616
20,52,0.0380952380952381
78,52,0.02857142857142857
169,52,0.01904761904761905
76,52,0.009523809523809525
78,53,0.18181818181818182
93,53,0.16363636363636364
27,53,0.14545454545454545
4,53,0.12727272727272726
6,53,0.10909090909090909
85,53,0.09090909090909091
223,53,0.07272727272727272
224,53,0.05454545454545454
2,53,0.03636363636363636
192,53,0.01818181818181818
46,54,0.1111111111111111
57,54,0.10457516339869281
2,54,0.09803921568627451
45,54,0.0915032679738562
47,54,0.08496732026143791
225,54,0.0784313725490196
49,54,0.0718954248366013
81,54,0.06535947712418301
62,54,0.058823529411764705
58,54,0.05228758169934641
21,54,0.0457516339869281
226,54,0.0392156862745098
227,54,0.032679738562091505
64,54,0.026143790849673203
53,54,0.0196078431372549
228,54,0.013071895424836602
144,54,0.006535947712418301
65,55,0.1
229,55,0.09473684210526316
4,55,0.08947368421052632
230,55,0.08421052631578947
69,55,0.07894736842105263
66,55,0.07368421052631578
231,55,0.06842105263157895
68,55,0.06315789473684211
232,55,0.05789473684210526
18,55,0.05263157894736842
233,55,0.04736842105263158
129,55,0.042105263157894736
123,55,0.03684210526315789
234,55,0.031578947368421054
235,55,0.02631578947368421
236,55,0.021052631578947368
237,55,0.015789473684210527
170,55,0.010526315789473684
67,55,0.005263157894736842
131,56,0.13333333333333333
5,56,0.12380952380952381
238,56,0.11428571428571428
239,56,0.10476190476190476
192,56,0.09523809523809523
7,56,0.08571428571428572
127,56,0.0761904761904762
240,56,0.06666666666666667
78,56,0.05714285714285714
6,56,0.047619047619047616
241,56,0.0380952380952381
86,56,0.02857142857142857
242,56,0.01904761904761905
125,56,0.009523809523809525
66,57,0.1111111111111111
65,57,0.10457516339869281
67,57,0.09803921568627451
4,57,0.0915032679738562
178,57,0.08496732026143791
7,57,0.0784313725490196
70,57,0.0718954248366013
125,57,0.06535947712418301
207,57,0.058823529411764705
235,57,0.05228758169934641
243,57,0.0457516339869281
124,57,0.0392156862745098
244,57,0.032679738562091505
6,57,0.026143790849673203
39,57,0.0196078431372549
245,57,0.013071895424836602
246,57,0.006535947712418301
134,58,0.14285714285714285
140,58,0.13186813186813187
144,58,0.12087912087912088
165,58,0.10989010989010989
234,58,0.0989010989010989
247,58,0.08791208791208792
162,58,0.07692307692307693
248,58,0.06593406593406594
249,58,0.054945054945054944
78,58,0.04395604395604396
179,58,0.03296703296703297
250,58,0.02197802197802198
150,58,0.01098901098901099
24,59,0.1111111111111111
32,59,0.10457516339869281
34,59,0.09803921568627451
29,59,0.0915032679738562
37,59,0.08496732026143791
22,59,0.0784313725490196
23,59,0.0718954248366013
200,59,0.06535947712418301
251,59,0.058823529411764705
42,59,0.05228758169934641
38,59,0.0457516339869281
31,59,0.0392156862745098
252,59,0.032679738562091505
179,59,0.026143790849673203
250,59,0.0196078431372549
30,59,0.013071895424836602
208,59,0.006535947712418301
20,60,0.2
150,60,0.17777777777777778
11,60,0.15555555555555556
78,60,0.13333333333333333
83,60,0.1111111111111111
253,60,0.08888888888888889
254,60,0.06666666666666667
86,60,0.044444444444444446
160,60,0.022222222222222223
255,61,0.125
69,61,0.11666666666666667
4,61,0.10833333333333334
242,61,0.1
112,61,0.09166666666666666
181,61,0.08333333333333333
256,61,0.075
257,61,0.06666666666666667
35,61,0.058333333333333334
258,61,0.05
188,61,0.041666666666666664
6,61,0.03333333333333333
5,61,0.025
130,61,0.016666666666666666
18,61,0.008333333333333333
16,62,0.15384615384615385
2,62,0.14102564102564102
44,62,0.1282051282051282
63,62,0.11538461538461539
17,62,0.10256410256410256
1,62,0.08974358974358974
10,62,0.07692307692307693
8,62,0.0641025641025641
9,62,0.05128205128205128
132,62,0.038461538461538464
46,62,0.02564102564102564
64,62,0.01282051282051282
150,63,0.11764705882352941
78,63,0.11029411764705882
259,63,0.10294117647058823
260,63,0.09558823529411764
261,63,0.08823529411764706
11,63,0.08088235294117647
262,63,0.07352941176470588
68,63,0.0661764705882353
160,63,0.058823529411764705
100,63,0.051470588235294115
86,63,0.04411764705882353
126,63,0.03676470588235294
263,63,0.029411764705882353
4,63,0.022058823529411766
134,63,0.014705882352941176
146,63,0.007352941176470588
88,64,0.08333333333333333
264,64,0.07971014492753623
4,64,0.07608695652173914
265,64,0.07246376811594203
266,64,0.06884057971014493
50,64,0.06521739130434782
96,64,0.06159420289855073
17,64,0.057971014492753624
52,64,0.05434782608695652
242,64,0.050724637681159424
87,64,0.04710144927536232
83,64,0.043478260869565216
7,64,0.03985507246376811
267,64,0.036231884057971016
268,64,0.03260869565217391
229,64,0.028985507246376812
176,64,0.025362318840579712
99,64,0.021739130434782608
93,64,0.018115942028985508
134,64,0.014492753623188406
54,64,0.010869565217391304
105,64,0.007246376811594203
144,64,0.0036231884057971015
88,65,0.08333333333333333
264,65,0.07971014492753623
4,65,0.07608695652173914
265,65,0.07246376811594203
266,65,0.06884057971014493
50,65,0.06521739130434782
96,65,0.06159420289855073
17,65,0.057971014492753624
52,65,0.05434782608695652
242,65,0.050724637681159424
87,65,0.04710144927536232
83,65,0.043478260869565216
7,65,0.03985507246376811
267,65,0.036231884057971016
268,65,0.03260869565217391
229,65,0.028985507246376812
176,65,0.025362318840579712
99,65,0.021739130434782608
93,65,0.018115942028985508
134,65,0.014492753623188406
54,65,0.010869565217391304
105,65,0.007246376811594203
144,65,0.0036231884057971015
117,66,0.1111111111111111
2,66,0.10457516339869281
17,66,0.09803921568627451
60,66,0.0915032679738562
16,66,0.08496732026143791
269,66,0.0784313725490196
63,66,0.0718954248366013
64,66,0.06535947712418301
8,66,0.058823529411764705
9,66,0.05228758169934641
111,66,0.0457516339869281
76,66,0.0392156862745098
116,66,0.032679738562091505
197,66,0.026143790849673203
1,66,0.0196078431372549
119,66,0.013071895424836602
57,66,0.006535947712418301
78,67,0.11764705882352941
134,67,0.11029411764705882
62,67,0.10294117647058823
215,67,0.09558823529411764
140,67,0.08823529411764706
53,67,0.08088235294117647
144,67,0.07352941176470588
85,67,0.0661764705882353
47,67,0.058823529411764705
158,67,0.051470588235294115
234,67,0.04411764705882353
56,67,0.03676470588235294
249,67,0.029411764705882353
156,67,0.022058823529411766
270,67,0.014705882352941176
102,67,0.007352941176470588
44,68,0.16666666666666666
6,68,0.15151515151515152
76,68,0.13636363636363635
213,68,0.12121212121212122
271,68,0.10606060606060606
12,68,0.09090909090909091
1,68,0.07575757575757576
272,68,0.06060606060606061
77,68,0.045454545454545456
2,68,0.030303030303030304
78,68,0.015151515151515152
273,69,0.15384615384615385
134,69,0.14102564102564102
189,69,0.1282051282051282
274,69,0.11538461538461539
80,69,0.10256410256410256
39,69,0.08974358974358974
140,69,0.07692307692307693
275,69,0.0641025641025641
161,69,0.05128205128205128
64,69,0.038461538461538464
85,69,0.02564102564102564
137,69,0.01282051282051282
273,70,0.15384615384615385
134,70,0.14102564102564102
189,70,0.1282051282051282
274,70,0.11538461538461539
80,70,0.10256410256410256
39,70,0.08974358974358974
140,70,0.07692307692307693
275,70,0.0641025641025641
161,70,0.05128205128205128
64,70,0.038461538461538464
85,70,0.02564102564102564
137,70,0.01282051282051282
24,71,0.15384615384615385
276,71,0.14102564102564102
29,71,0.1282051282051282
37,71,0.11538461538461539
111,71,0.10256410256410256
34,71,0.08974358974358974
23,71,0.07692307692307693
33,71,0.0641025641025641
32,71,0.05128205128205128
277,71,0.038461538461538464
277,71,0.038461538461538464
42,71,0.01282051282051282
150,72,0.09523809523809523
84,72,0.09047619047619047
151,72,0.08571428571428572
278,72,0.08095238095238096
83,72,0.0761904761904762
160,72,0.07142857142857142
87,72,0.06666666666666667
78,72,0.06190476190476191
20,72,0.05714285714285714
197,72,0.05238095238095238
279,72,0.047619047619047616
86,72,0.04285714285714286
114,72,0.0380952380952381
47,72,0.03333333333333333
115,72,0.02857142857142857
146,72,0.023809523809523808
117,72,0.01904761904761905
172,72,0.014285714285714285
97,72,0.009523809523809525
165,72,0.004761904761904762
17,73,0.15384615384615385
63,73,0.14102564102564102
116,73,0.1282051282051282
16,73,0.11538461538461539
2,73,0.10256410256410256
129,73,0.08974358974358974
123,73,0.07692307692307693
132,73,0.0641025641025641
280,73,0.05128205128205128
119,73,0.038461538461538464
85,73,0.02564102564102564
192,73,0.01282051282051282
150,74,0.15384615384615385
255,74,0.14102564102564102
11,74,0.1282051282051282
20,74,0.11538461538461539
265,74,0.10256410256410256
241,74,0.08974358974358974
1,74,0.07692307692307693
68,74,0.0641025641025641
183,74,0.05128205128205128
281,74,0.038461538461538464
86,74,0.02564102564102564
136,74,0.01282051282051282
78,75,0.15384615384615385
156,75,0.14102564102564102
282,75,0.1282051282051282
47,75,0.11538461538461539
94,75,0.10256410256410256
160,75,0.08974358974358974
85,75,0.07692307692307693
86,75,0.0641025641025641
80,75,0.05128205128205128
84,75,0.038461538461538464
283,75,0.02564102564102564
284,75,0.01282051282051282
103,76,0.15384615384615385
150,76,0.14102564102564102
20,76,0.1282051282051282
285,76,0.11538461538461539
11,76,0.10256410256410256
36,76,0.08974358974358974
100,76,0.07692307692307693
96,76,0.0641025641025641
78,76,0.05128205128205128
144,76,0.038461538461538464
160,76,0.02564102564102564
3,76,0.01282051282051282
47,77,0.11764705882352941
53,77,0.11029411764705882
286,77,0.10294117647058823
18,77,0.09558823529411764
287,77,0.08823529411764706
288,77,0.08088235294117647
20,77,0.07352941176470588
192,77,0.0661764705882353
289,77,0.058823529411764705
290,77,0.051470588235294115
131,77,0.04411764705882353
83,77,0.03676470588235294
114,77,0.029411764705882353
50,77,0.022058823529411766
48,77,0.014705882352941176
101,77,0.007352941176470588
16,78,0.13333333333333333
186,78,0.12380952380952381
291,78,0.11428571428571428
292,78,0.10476190476190476
18,78,0.09523809523809523
119,78,0.08571428571428572
120,78,0.0761904761904762
2,78,0.06666666666666667
100,78,0.05714285714285714
131,78,0.047619047619047616
293,78,0.0380952380952381
113,78,0.02857142857142857
113,78,0.02857142857142857
102,78,0.009523809523809525
294,79,0.16666666666666666
104,79,0.15151515151515152
78,79,0.13636363636363635
2,79,0.12121212121212122
226,79,0.10606060606060606
1,79,0.09090909090909091
150,79,0.07575757575757576
81,79,0.06060606060606061
55,79,0.045454545454545456
86,79,0.030303030303030304
124,79,0.015151515151515152
16,80,0.16666666666666666
102,80,0.15151515151515152
44,80,0.13636363636363635
64,80,0.12121212121212122
2,80,0.10606060606060606
295,80,0.09090909090909091
63,80,0.07575757575757576
296,80,0.06060606060606061
119,80,0.045454545454545456
12,80,0.030303030303030304
43,80,0.015151515151515152
46,81,0.06896551724137931
225,81,0.0665024630541872
57,81,0.06403940886699508
2,81,0.06157635467980296
21,81,0.059113300492610835
47,81,0.05665024630541872
297,81,0.054187192118226604
56,81,0.05172413793103448
226,81,0.04926108374384237
287,81,0.046798029556650245
249,81,0.04433497536945813
298,81,0.04187192118226601
265,81,0.03940886699507389
50,81,0.03694581280788178
62,81,0.034482758620689655
64,81,0.03201970443349754
49,81,0.029556650246305417
48,81,0.027093596059113302
54,81,0.024630541871921183
299,81,0.022167487684729065
86,81,0.019704433497536946
300,81,0.017241379310344827
301,81,0.014778325123152709
143,81,0.012315270935960592
302,81,0.009852216748768473
303,81,0.007389162561576354
71,81,0.0049261083743842365
93,81,0.0024630541871921183
118,82,0.15384615384615385
152,82,0.14102564102564102
60,82,0.1282051282051282
150,82,0.11538461538461539
82,82,0.10256410256410256
172,82,0.08974358974358974
107,82,0.07692307692307693
304,82,0.0641025641025641
53,82,0.05128205128205128
59,82,0.038461538461538464
47,82,0.02564102564102564
20,82,0.01282051282051282
2,83,0.2
235,83,0.17777777777777778
305,83,0.15555555555555556
52,83,0.13333333333333333
178,83,0.1111111111111111
44,83,0.08888888888888889
167,83,0.06666666666666667
119,83,0.044444444444444446
185,83,0.022222222222222223
189,84,0.125
306,84,0.11666666666666667
65,84,0.10833333333333334
219,84,0.1
145,84,0.09166666666666666
228,84,0.08333333333333333
258,84,0.075
4,84,0.06666666666666667
307,84,0.058333333333333334
268,84,0.05
308,84,0.041666666666666664
144,84,0.03333333333333333
130,84,0.025
140,84,0.016666666666666666
309,84,0.008333333333333333
139,85,0.18181818181818182
78,85,0.16363636363636364
156,85,0.14545454545454545
85,85,0.12727272727272726
80,85,0.10909090909090909
143,85,0.09090909090909091
160,85,0.07272727272727272
43,85,0.05454545454545454
118,85,0.03636363636363636
111,85,0.01818181818181818
98,86,0.2
310,86,0.17777777777777778
311,86,0.15555555555555556
100,86,0.13333333333333333
60,86,0.1111111111111111
47,86,0.08888888888888889
82,86,0.06666666666666667
119,86,0.044444444444444446
102,86,0.022222222222222223
18,87,0.16666666666666666
222,87,0.15151515151515152
312,87,0.13636363636363635
267,87,0.12121212121212122
313,87,0.10606060606060606
314,87,0.09090909090909091
112,87,0.07575757575757576
315,87,0.06060606060606061
14,87,0.045454545454545456
59,87,0.030303030303030304
119,87,0.015151515151515152
316,88,0.11764705882352941
47,88,0.11029411764705882
170,88,0.10294117647058823
19,88,0.09558823529411764
48,88,0.08823529411764706
18,88,0.08088235294117647
292,88,0.07352941176470588
233,88,0.0661764705882353
69,88,0.058823529411764705
107,88,0.051470588235294115
68,88,0.04411764705882353
46,88,0.03676470588235294
183,88,0.029411764705882353
78,88,0.022058823529411766
83,88,0.014705882352941176
150,88,0.007352941176470588
47,89,0.14285714285714285
146,89,0.13186813186813187
55,89,0.12087912087912088
20,89,0.10989010989010989
317,89,0.0989010989010989
318,89,0.08791208791208792
78,89,0.07692307692307693
11,89,0.06593406593406594
53,89,0.054945054945054944
319,89,0.04395604395604396
242,89,0.03296703296703297
150,89,0.02197802197802198
93,89,0.01098901098901099
320,90,0.125
165,90,0.11666666666666667
84,90,0.10833333333333334
103,90,0.1
125,90,0.09166666666666666
83,90,0.08333333333333333
100,90,0.075
78,90,0.06666666666666667
304,90,0.058333333333333334
321,90,0.05
303,90,0.041666666666666664
172,90,0.03333333333333333
11,90,0.025
22,90,0.016666666666666666
25,90,0.008333333333333333
24,91,0.08333333333333333
27,91,0.07971014492753623
23,91,0.07608695652173914
28,91,0.07246376811594203
26,91,0.06884057971014493
41,91,0.06521739130434782
322,91,0.06159420289855073
33,91,0.057971014492753624
102,91,0.05434782608695652
35,91,0.050724637681159424
323,91,0.04710144927536232
34,91,0.043478260869565216
18,91,0.03985507246376811
30,91,0.036231884057971016
198,91,0.03260869565217391
39,91,0.028985507246376812
29,91,0.025362318840579712
164,91,0.021739130434782608
129,91,0.018115942028985508
137,91,0.014492753623188406
112,91,0.010869565217391304
47,91,0.007246376811594203
46,91,0.0036231884057971015
51,92,0.10526315789473684
220,92,0.09941520467836257
53,92,0.0935672514619883
144,92,0.08771929824561403
49,92,0.08187134502923976
324,92,0.07602339181286549
83,92,0.07017543859649122
178,92,0.06432748538011696
227,92,0.05847953216374269
325,92,0.05263157894736842
280,92,0.04678362573099415
44,92,0.04093567251461988
326,92,0.03508771929824561
107,92,0.029239766081871343
56,92,0.023391812865497075
124,92,0.017543859649122806
327,92,0.011695906432748537
152,92,0.005847953216374269
328,93,0.2
60,93,0.17777777777777778
51,93,0.15555555555555556
304,93,0.13333333333333333
329,93,0.1111111111111111
150,93,0.08888888888888889
114,93,0.06666666666666667
184,93,0.044444444444444446
330,93,0.022222222222222223
308,94,0.10526315789473684
5,94,0.09941520467836257
130,94,0.0935672514619883
198,94,0.08771929824561403
34,94,0.08187134502923976
68,94,0.07602339181286549
39,94,0.07017543859649122
18,94,0.06432748538011696
6,94,0.05847953216374269
67,94,0.05263157894736842
105,94,0.04678362573099415
33,94,0.04093567251461988
129,94,0.03508771929824561
123,94,0.029239766081871343
88,94,0.023391812865497075
35,94,0.017543859649122806
62,94,0.011695906432748537
134,94,0.005847953216374269
140,95,0.13333333333333333
47,95,0.12380952380952381
331,95,0.11428571428571428
107,95,0.10476190476190476
144,95,0.09523809523809523
268,95,0.08571428571428572
332,95,0.0761904761904762
333,95,0.06666666666666667
334,95,0.05714285714285714
58,95,0.047619047619047616
102,95,0.0380952380952381
133,95,0.02857142857142857
15,95,0.01904761904761905
94,95,0.009523809523809525
160,96,0.15384615384615385
82,96,0.14102564102564102
335,96,0.1282051282051282
290,96,0.11538461538461539
141,96,0.10256410256410256
142,96,0.08974358974358974
144,96,0.07692307692307693
31,96,0.0641025641025641
275,96,0.05128205128205128
57,96,0.038461538461538464
118,96,0.02564102564102564
69,96,0.01282051282051282
336,97,0.13333333333333333
121,97,0.12380952380952381
100,97,0.11428571428571428
129,97,0.10476190476190476
123,97,0.09523809523809523
337,97,0.08571428571428572
262,97,0.0761904761904762
181,97,0.06666666666666667
338,97,0.05714285714285714
339,97,0.047619047619047616
95,97,0.0380952380952381
18,97,0.02857142857142857
146,97,0.01904761904761905
43,97,0.009523809523809525
2,98,0.18181818181818182
78,98,0.16363636363636364
20,98,0.14545454545454545
11,98,0.12727272727272726
77,98,0.10909090909090909
150,98,0.09090909090909091
47,98,0.07272727272727272
179,98,0.05454545454545454
316,98,0.03636363636363636
340,98,0.01818181818181818
341,99,0.10526315789473684
34,99,0.09941520467836257
40,99,0.0935672514619883
54,99,0.08771929824561403
95,99,0.08187134502923976
342,99,0.07602339181286549
113,99,0.07017543859649122
113,99,0.07017543859649122
302,99,0.05847953216374269
343,99,0.05263157894736842
116,99,0.04678362573099415
67,99,0.04093567251461988
344,99,0.03508771929824561
122,99,0.029239766081871343
184,99,0.023391812865497075
35,99,0.017543859649122806
46,99,0.011695906432748537
47,99,0.005847953216374269
83,100,0.11764705882352941
225,100,0.11029411764705882
144,100,0.10294117647058823
53,100,0.09558823529411764
124,100,0.08823529411764706
114,100,0.08088235294117647
111,100,0.07352941176470588
218,100,0.0661764705882353
62,100,0.058823529411764705
219,100,0.051470588235294115
326,100,0.04411764705882353
107,100,0.03676470588235294
56,100,0.029411764705882353
345,100,0.022058823529411766
346,100,0.014705882352941176
347,100,0.007352941176470588
83,101,0.11764705882352941
225,101,0.11029411764705882
144,101,0.10294117647058823
53,101,0.09558823529411764
124,101,0.08823529411764706
114,101,0.08088235294117647
111,101,0.07352941176470588
218,101,0.0661764705882353
62,101,0.058823529411764705
219,101,0.051470588235294115
326,101,0.04411764705882353
107,101,0.03676470588235294
56,101,0.029411764705882353
345,101,0.022058823529411766
346,101,0.014705882352941176
347,101,0.007352941176470588
4,102,0.18181818181818182
70,102,0.16363636363636364
317,102,0.14545454545454545
318,102,0.12727272727272726
333,102,0.10909090909090909
334,102,0.09090909090909091
348,102,0.07272727272727272
319,102,0.05454545454545454
78,102,0.03636363636363636
291,102,0.01818181818181818
2,103,0.2857142857142857
116,103,0.23809523809523808
1,103,0.19047619047619047
47,103,0.14285714285714285
190,103,0.09523809523809523
216,103,0.047619047619047616
349,104,0.14285714285714285
100,104,0.13186813186813187
350,104,0.12087912087912088
351,104,0.10989010989010989
154,104,0.0989010989010989
155,104,0.08791208791208792
352,104,0.07692307692307693
2,104,0.06593406593406594
47,104,0.054945054945054944
149,104,0.04395604395604396
353,104,0.03296703296703297
354,104,0.02197802197802198
355,104,0.01098901098901099
5,105,0.18181818181818182
192,105,0.16363636363636364
115,105,0.14545454545454545
189,105,0.12727272727272726
92,105,0.10909090909090909
34,105,0.09090909090909091
112,105,0.07272727272727272
161,105,0.05454545454545454
140,105,0.03636363636363636
134,105,0.01818181818181818
146,106,0.18181818181818182
99,106,0.16363636363636364
175,106,0.14545454545454545
210,106,0.12727272727272726
191,106,0.10909090909090909
78,106,0.09090909090909091
150,106,0.07272727272727272
126,106,0.05454545454545454
134,106,0.03636363636363636
223,106,0.01818181818181818
140,107,0.125
131,107,0.11666666666666667
165,107,0.10833333333333334
128,107,0.1
83,107,0.09166666666666666
150,107,0.08333333333333333
284,107,0.075
356,107,0.06666666666666667
357,107,0.058333333333333334
77,107,0.05
20,107,0.041666666666666664
296,107,0.03333333333333333
11,107,0.025
358,107,0.016666666666666666
15,107,0.008333333333333333
140,108,0.125
131,108,0.11666666666666667
165,108,0.10833333333333334
128,108,0.1
83,108,0.09166666666666666
150,108,0.08333333333333333
284,108,0.075
356,108,0.06666666666666667
357,108,0.058333333333333334
77,108,0.05
20,108,0.041666666666666664
296,108,0.03333333333333333
11,108,0.025
358,108,0.016666666666666666
15,108,0.008333333333333333
14,109,0.125
20,109,0.11666666666666667
11,109,0.10833333333333334
150,109,0.1
359,109,0.09166666666666666
335,109,0.08333333333333333
183,109,0.075
136,109,0.06666666666666667
114,109,0.058333333333333334
360,109,0.05
243,109,0.041666666666666664
284,109,0.03333333333333333
83,109,0.025
69,109,0.016666666666666666
181,109,0.008333333333333333
129,110,0.1111111111111111
361,110,0.10457516339869281
182,110,0.09803921568627451
35,110,0.0915032679738562
362,110,0.08496732026143791
363,110,0.0784313725490196
123,110,0.0718954248366013
238,110,0.06535947712418301
256,110,0.058823529411764705
122,110,0.05228758169934641
18,110,0.0457516339869281
124,110,0.0392156862745098
364,110,0.032679738562091505
337,110,0.026143790849673203
258,110,0.0196078431372549
144,110,0.013071895424836602
99,110,0.006535947712418301
129,111,0.1111111111111111
361,111,0.10457516339869281
182,111,0.09803921568627451
35,111,0.0915032679738562
362,111,0.08496732026143791
363,111,0.0784313725490196
123,111,0.0718954248366013
238,111,0.06535947712418301
256,111,0.058823529411764705
122,111,0.05228758169934641
18,111,0.0457516339869281
124,111,0.0392156862745098
364,111,0.032679738562091505
337,111,0.026143790849673203
258,111,0.0196078431372549
144,111,0.013071895424836602
99,111,0.006535947712418301
68,112,0.125
209,112,0.11666666666666667
18,112,0.10833333333333334
49,112,0.1
64,112,0.09166666666666666
60,112,0.08333333333333333
116,112,0.075
43,112,0.06666666666666667
197,112,0.058333333333333334
224,112,0.05
365,112,0.041666666666666664
95,112,0.03333333333333333
2,112,0.025
140,112,0.016666666666666666
156,112,0.008333333333333333
134,113,0.2
255,113,0.17777777777777778
47,113,0.15555555555555556
190,113,0.13333333333333333
78,113,0.1111111111111111
82,113,0.08888888888888889
273,113,0.06666666666666667
20,113,0.044444444444444446
83,113,0.022222222222222223
150,114,0.15384615384615385
366,114,0.14102564102564102
11,114,0.1282051282051282
144,114,0.11538461538461539
160,114,0.10256410256410256
367,114,0.08974358974358974
47,114,0.07692307692307693
324,114,0.0641025641025641
92,114,0.05128205128205128
368,114,0.038461538461538464
134,114,0.02564102564102564
144,114,0.11538461538461539
140,115,0.125
46,115,0.11666666666666667
191,115,0.10833333333333334
2,115,0.1
58,115,0.09166666666666666
339,115,0.08333333333333333
183,115,0.075
193,115,0.06666666666666667
17,115,0.058333333333333334
62,115,0.05
48,115,0.041666666666666664
4,115,0.03333333333333333
175,115,0.025
34,115,0.016666666666666666
29,115,0.008333333333333333
140,116,0.125
46,116,0.11666666666666667
191,116,0.10833333333333334
2,116,0.1
58,116,0.09166666666666666
339,116,0.08333333333333333
183,116,0.075
193,116,0.06666666666666667
17,116,0.058333333333333334
62,116,0.05
48,116,0.041666666666666664
4,116,0.03333333333333333
175,116,0.025
34,116,0.016666666666666666
29,116,0.008333333333333333
38,117,0.125
23,117,0.11666666666666667
204,117,0.10833333333333334
22,117,0.1
369,117,0.09166666666666666
24,117,0.08333333333333333
32,117,0.075
370,117,0.06666666666666667
37,117,0.058333333333333334
25,117,0.05
39,117,0.041666666666666664
252,117,0.03333333333333333
371,117,0.025
23,117,0.11666666666666667
22,117,0.1
40,118,0.1
25,118,0.09473684210526316
372,118,0.08947368421052632
24,118,0.08421052631578947
29,118,0.07894736842105263
27,118,0.07368421052631578
34,118,0.06842105263157895
26,118,0.06315789473684211
31,118,0.05789473684210526
159,118,0.05263157894736842
317,118,0.04736842105263158
292,118,0.042105263157894736
309,118,0.03684210526315789
33,118,0.031578947368421054
120,118,0.02631578947368421
42,118,0.021052631578947368
136,118,0.015789473684210527
118,118,0.010526315789473684
82,118,0.005263157894736842
134,119,0.10526315789473684
215,119,0.09941520467836257
140,119,0.0935672514619883
229,119,0.08771929824561403
99,119,0.08187134502923976
244,119,0.07602339181286549
100,119,0.07017543859649122
146,119,0.06432748538011696
287,119,0.05847953216374269
220,119,0.05263157894736842
222,119,0.04678362573099415
150,119,0.04093567251461988
270,119,0.03508771929824561
177,119,0.029239766081871343
233,119,0.023391812865497075
144,119,0.017543859649122806
2,119,0.011695906432748537
46,119,0.005847953216374269
373,120,0.09090909090909091
250,120,0.08658008658008658
44,120,0.08225108225108226
374,120,0.07792207792207792
324,120,0.0735930735930736
110,120,0.06926406926406926
315,120,0.06493506493506493
135,120,0.06060606060606061
244,120,0.05627705627705628
330,120,0.05194805194805195
62,120,0.047619047619047616
220,120,0.04329004329004329
71,120,0.03896103896103896
64,120,0.03463203463203463
17,120,0.030303030303030304
286,120,0.025974025974025976
219,120,0.021645021645021644
106,120,0.017316017316017316
375,120,0.012987012987012988
319,120,0.008658008658008658
165,120,0.004329004329004329
100,121,0.11764705882352941
376,121,0.11029411764705882
247,121,0.10294117647058823
317,121,0.09558823529411764
281,121,0.08823529411764706
83,121,0.08088235294117647
3,121,0.07352941176470588
92,121,0.0661764705882353
170,121,0.058823529411764705
78,121,0.051470588235294115
308,121,0.04411764705882353
161,121,0.03676470588235294
96,121,0.029411764705882353
127,121,0.022058823529411766
57,121,0.014705882352941176
46,121,0.007352941176470588
2,122,0.1111111111111111
250,122,0.10457516339869281
86,122,0.09803921568627451
377,122,0.0915032679738562
78,122,0.08496732026143791
49,122,0.0784313725490196
225,122,0.0718954248366013
64,122,0.06535947712418301
45,122,0.058823529411764705
109,122,0.05228758169934641
60,122,0.0457516339869281
164,122,0.0392156862745098
47,122,0.032679738562091505
20,122,0.026143790849673203
54,122,0.0196078431372549
68,122,0.013071895424836602
234,122,0.006535947712418301
170,123,0.2222222222222222
249,123,0.19444444444444445
67,123,0.16666666666666666
230,123,0.1388888888888889
122,123,0.1111111111111111
237,123,0.08333333333333333
90,123,0.05555555555555555
378,123,0.027777777777777776
241,124,0.14285714285714285
379,124,0.13186813186813187
12,124,0.12087912087912088
46,124,0.10989010989010989
188,124,0.0989010989010989
21,124,0.08791208791208792
222,124,0.07692307692307693
64,124,0.06593406593406594
177,124,0.054945054945054944
57,124,0.04395604395604396
109,124,0.03296703296703297
89,124,0.02197802197802198
380,124,0.01098901098901099
47,125,0.15384615384615385
78,125,0.14102564102564102
117,125,0.1282051282051282
88,125,0.11538461538461539
20,125,0.10256410256410256
53,125,0.08974358974358974
83,125,0.07692307692307693
11,125,0.0641025641025641
150,125,0.05128205128205128
324,125,0.038461538461538464
47,125,0.15384615384615385
53,125,0.08974358974358974
50,126,0.1111111111111111
146,126,0.10457516339869281
324,126,0.09803921568627451
86,126,0.0915032679738562
62,126,0.08496732026143791
381,126,0.0784313725490196
2,126,0.0718954248366013
16,126,0.06535947712418301
84,126,0.058823529411764705
119,126,0.05228758169934641
46,126,0.0457516339869281
175,126,0.0392156862745098
52,126,0.032679738562091505
144,126,0.026143790849673203
144,126,0.026143790849673203
147,126,0.013071895424836602
43,126,0.006535947712418301
382,127,0.15384615384615385
64,127,0.14102564102564102
2,127,0.1282051282051282
93,127,0.11538461538461539
169,127,0.10256410256410256
119,127,0.08974358974358974
108,127,0.07692307692307693
67,127,0.0641025641025641
78,127,0.05128205128205128
186,127,0.038461538461538464
30,127,0.02564102564102564
36,127,0.01282051282051282
382,128,0.15384615384615385
64,128,0.14102564102564102
2,128,0.1282051282051282
93,128,0.11538461538461539
169,128,0.10256410256410256
119,128,0.08974358974358974
108,128,0.07692307692307693
67,128,0.0641025641025641
78,128,0.05128205128205128
186,128,0.038461538461538464
30,128,0.02564102564102564
36,128,0.01282051282051282
35,129,0.125
24,129,0.11666666666666667
23,129,0.10833333333333334
383,129,0.1
29,129,0.09166666666666666
25,129,0.08333333333333333
22,129,0.075
251,129,0.06666666666666667
69,129,0.058333333333333334
42,129,0.05
27,129,0.041666666666666664
112,129,0.03333333333333333
384,129,0.025
52,129,0.016666666666666666
2,129,0.008333333333333333
64,130,0.2
385,130,0.17777777777777778
386,130,0.15555555555555556
58,130,0.13333333333333333
46,130,0.1111111111111111
110,130,0.08888888888888889
387,130,0.06666666666666667
131,130,0.044444444444444446
34,130,0.022222222222222223
115,131,0.14285714285714285
198,131,0.13186813186813187
92,131,0.12087912087912088
371,131,0.10989010989010989
22,131,0.0989010989010989
18,131,0.08791208791208792
33,131,0.07692307692307693
129,131,0.06593406593406594
123,131,0.054945054945054944
24,131,0.04395604395604396
23,131,0.03296703296703297
47,131,0.02197802197802198
83,131,0.01098901098901099
107,132,0.14285714285714285
215,132,0.13186813186813187
62,132,0.12087912087912088
86,132,0.10989010989010989
140,132,0.0989010989010989
226,132,0.08791208791208792
53,132,0.07692307692307693
46,132,0.06593406593406594
97,132,0.054945054945054944
221,132,0.04395604395604396
186,132,0.03296703296703297
388,132,0.02197802197802198
59,132,0.01098901098901099
167,133,0.2
60,133,0.17777777777777778
389,133,0.15555555555555556
77,133,0.13333333333333333
166,133,0.1111111111111111
141,133,0.08888888888888889
142,133,0.06666666666666667
46,133,0.044444444444444446
324,133,0.022222222222222223
336,134,0.09090909090909091
47,134,0.08658008658008658
50,134,0.08225108225108226
226,134,0.07792207792207792
225,134,0.0735930735930736
61,134,0.06926406926406926
339,134,0.06493506493506493
71,134,0.06060606060606061
53,134,0.05627705627705628
367,134,0.05194805194805195
390,134,0.047619047619047616
87,134,0.04329004329004329
361,134,0.03896103896103896
124,134,0.03463203463203463
391,134,0.030303030303030304
209,134,0.025974025974025976
55,134,0.021645021645021644
2,134,0.017316017316017316
59,134,0.012987012987012988
30,134,0.008658008658008658
292,134,0.004329004329004329
36,135,0.14285714285714285
35,135,0.13186813186813187
34,135,0.12087912087912088
23,135,0.10989010989010989
42,135,0.0989010989010989
131,135,0.08791208791208792
91,135,0.07692307692307693
69,135,0.06593406593406594
122,135,0.054945054945054944
297,135,0.04395604395604396
25,135,0.03296703296703297
305,135,0.02197802197802198
17,135,0.01098901098901099
43,136,0.16666666666666666
172,136,0.15151515151515152
392,136,0.13636363636363635
2,136,0.12121212121212122
289,136,0.10606060606060606
82,136,0.09090909090909091
160,136,0.07575757575757576
93,136,0.06060606060606061
67,136,0.045454545454545456
20,136,0.030303030303030304
253,136,0.015151515151515152
330,137,0.10526315789473684
11,137,0.09941520467836257
150,137,0.0935672514619883
393,137,0.08771929824561403
394,137,0.08187134502923976
279,137,0.07602339181286549
78,137,0.07017543859649122
118,137,0.06432748538011696
83,137,0.05847953216374269
267,137,0.05263157894736842
385,137,0.04678362573099415
386,137,0.04093567251461988
344,137,0.03508771929824561
197,137,0.029239766081871343
395,137,0.023391812865497075
165,137,0.017543859649122806
396,137,0.011695906432748537
354,137,0.005847953216374269
150,138,0.125
348,138,0.11666666666666667
397,138,0.10833333333333334
20,138,0.1
11,138,0.09166666666666666
324,138,0.08333333333333333
92,138,0.075
160,138,0.06666666666666667
128,138,0.058333333333333334
44,138,0.05
121,138,0.041666666666666664
96,138,0.03333333333333333
127,138,0.025
124,138,0.016666666666666666
218,138,0.008333333333333333
364,139,0.18181818181818182
20,139,0.16363636363636364
124,139,0.14545454545454545
138,139,0.12727272727272726
102,139,0.10909090909090909
3,139,0.09090909090909091
70,139,0.07272727272727272
11,139,0.05454545454545454
47,139,0.03636363636363636
215,139,0.01818181818181818
398,140,0.2222222222222222
102,140,0.19444444444444445
100,140,0.16666666666666666
348,140,0.1388888888888889
141,140,0.1111111111111111
142,140,0.08333333333333333
253,140,0.05555555555555555
279,140,0.027777777777777776
20,141,0.15384615384615385
11,141,0.14102564102564102
150,141,0.1282051282051282
78,141,0.11538461538461539
141,141,0.10256410256410256
142,141,0.08974358974358974
118,141,0.07692307692307693
146,141,0.0641025641025641
160,141,0.05128205128205128
83,141,0.038461538461538464
86,141,0.02564102564102564
10,141,0.01282051282051282
20,142,0.15384615384615385
11,142,0.14102564102564102
150,142,0.1282051282051282
78,142,0.11538461538461539
141,142,0.10256410256410256
142,142,0.08974358974358974
118,142,0.07692307692307693
146,142,0.0641025641025641
160,142,0.05128205128205128
83,142,0.038461538461538464
86,142,0.02564102564102564
10,142,0.01282051282051282
185,143,0.14285714285714285
8,143,0.13186813186813187
9,143,0.12087912087912088
399,143,0.10989010989010989
13,143,0.0989010989010989
250,143,0.08791208791208792
385,143,0.07692307692307693
386,143,0.06593406593406594
105,143,0.054945054945054944
2,143,0.04395604395604396
74,143,0.03296703296703297
20,143,0.02197802197802198
150,143,0.01098901098901099
84,144,0.125
400,144,0.11666666666666667
401,144,0.10833333333333334
402,144,0.1
114,144,0.09166666666666666
11,144,0.08333333333333333
160,144,0.075
394,144,0.06666666666666667
83,144,0.058333333333333334
134,144,0.05
86,144,0.041666666666666664
165,144,0.03333333333333333
146,144,0.025
190,144,0.016666666666666666
150,144,0.008333333333333333
394,145,0.14285714285714285
78,145,0.13186813186813187
403,145,0.12087912087912088
389,145,0.10989010989010989
20,145,0.0989010989010989
191,145,0.08791208791208792
166,145,0.07692307692307693
2,145,0.06593406593406594
144,145,0.054945054945054944
404,145,0.04395604395604396
115,145,0.03296703296703297
32,145,0.02197802197802198
22,145,0.01098901098901099
208,146,0.09090909090909091
202,146,0.08658008658008658
25,146,0.08225108225108226
34,146,0.07792207792207792
24,146,0.0735930735930736
29,146,0.06926406926406926
27,146,0.06493506493506493
251,146,0.06060606060606061
405,146,0.05627705627705628
203,146,0.05194805194805195
33,146,0.047619047619047616
252,146,0.04329004329004329
371,146,0.03896103896103896
187,146,0.03463203463203463
23,146,0.030303030303030304
200,146,0.025974025974025976
30,146,0.021645021645021644
26,146,0.017316017316017316
340,146,0.012987012987012988
29,146,0.06926406926406926
34,146,0.07792207792207792
292,147,0.2
27,147,0.17777777777777778
120,147,0.15555555555555556
111,147,0.13333333333333333
25,147,0.1111111111111111
32,147,0.08888888888888889
113,147,0.06666666666666667
113,147,0.06666666666666667
131,147,0.022222222222222223
213,148,0.5
302,148,0.3333333333333333
47,148,0.16666666666666666
232,149,0.25
70,149,0.21428571428571427
78,149,0.17857142857142858
336,149,0.14285714285714285
4,149,0.10714285714285714
122,149,0.07142857142857142
224,149,0.03571428571428571
243,150,0.3333333333333333
102,150,0.26666666666666666
133,150,0.2
124,150,0.13333333333333333
41,150,0.06666666666666667
391,151,0.2857142857142857
225,151,0.23809523809523808
46,151,0.19047619047619047
226,151,0.14285714285714285
297,151,0.09523809523809523
124,151,0.047619047619047616
46,152,0.18181818181818182
298,152,0.16363636363636364
1,152,0.14545454545454545
2,152,0.12727272727272726
144,152,0.10909090909090909
11,152,0.09090909090909091
20,152,0.07272727272727272
102,152,0.05454545454545454
53,152,0.03636363636363636
62,152,0.01818181818181818
